{
  "cowsay": {
    "desc": "A classic ASCII cow.",
    "file": "cowsay.js",
    "permissions": [],
    "host_permissions": []
  },
  "base64": {
    "desc": "Encode and decode base64 from input.",
    "file": "base64.js",
    "permissions": [],
    "host_permissions": []
  },
  "weather": {
    "desc": "Fetch weather by city name (e.g., 'weather Fujisawa').",
    "file": "weather.js",
    "permissions": [],
    "host_permissions": [
      "https://api.open-meteo.com/*",
      "https://geocoding-api.open-meteo.com/*"
    ]
  },
  "curl": {
    "desc": "Fetch the text content of a URL.",
    "file": "",
    "permissions": [],
    "host_permissions": ["<all_urls>"]
  },
  "wget": {
    "desc": "Download a file from a URL (uses 'downloads' permission).",
    "file": "", 
    "permissions": ["downloads"],
    "host_permissions": []
  },
  "tree": {
    "desc": "Display bookmarks in a tree structure (uses 'bookmarks' permission).",
    "file": "", 
    "permissions": ["bookmarks"],
    "host_permissions": []
  },
  "history": {
    "desc": "Search your browser history (uses 'history' permission).",
    "file": "",
    "permissions": ["history"],
    "host_permissions": []
  }
}
